[
  {
    "slug": "new-data-protection-regulations-2024",
    "title": "Understanding India's New Data Protection Regulations: A Comprehensive Guide for Businesses",
    "excerpt": "The Digital Personal Data Protection Act, 2023 brings significant changes to how businesses handle personal data. Learn about compliance requirements, penalties, and implementation strategies.",
    "content": "<h2>Introduction</h2><p>The Digital Personal Data Protection Act, 2023 (DPDPA) represents a landmark shift in India's approach to data privacy and protection. As businesses across sectors grapple with compliance requirements, understanding the nuances of this legislation has become crucial for operational continuity and legal compliance.</p><h2>Key Provisions of the DPDPA</h2><p>The Act introduces several fundamental concepts that businesses must understand:</p><ul><li><strong>Data Principal Rights:</strong> Individuals now have enhanced rights over their personal data, including the right to access, correct, and erase their information.</li><li><strong>Consent Framework:</strong> The Act establishes a robust consent mechanism requiring clear, specific, and informed consent for data processing.</li><li><strong>Data Fiduciary Obligations:</strong> Organizations processing personal data must implement appropriate technical and organizational measures to ensure data security.</li></ul><h2>Compliance Requirements</h2><p>Businesses must take several steps to ensure compliance with the DPDPA:</p><ol><li><strong>Data Mapping:</strong> Conduct comprehensive audits to identify all personal data processing activities.</li><li><strong>Privacy Policies:</strong> Update privacy policies to reflect new legal requirements and individual rights.</li><li><strong>Consent Management:</strong> Implement systems to obtain, record, and manage user consent effectively.</li><li><strong>Data Security:</strong> Establish robust security measures to protect personal data from breaches and unauthorized access.</li></ol><h2>Penalties and Enforcement</h2><p>The DPDPA introduces significant penalties for non-compliance, including fines up to ₹500 crores for serious breaches. The Data Protection Board of India will oversee enforcement and can impose various sanctions on non-compliant entities.</p><h2>Implementation Timeline</h2><p>While the Act has received presidential assent, the government is expected to notify the rules and implementation timeline soon. Businesses should begin preparation immediately to ensure smooth compliance when the Act comes into effect.</p><h2>Conclusion</h2><p>The DPDPA represents a significant step forward in protecting individual privacy rights while establishing clear guidelines for businesses. Organizations that proactively address compliance requirements will be better positioned to navigate the new regulatory landscape successfully.</p>",
    "author": "Adv. Priya Sharma",
    "authorTitle": "Partner, Technology & Cyber Law",
    "date": "March 15, 2024",
    "readTime": "8 min read",
    "category": "Technology & Cyber Law",
    "image": "/placeholder.svg?height=400&width=600"
  },
  {
    "slug": "corporate-governance-reforms-2024",
    "title": "Corporate Governance Reforms: Impact on Listed Companies and Compliance Strategies",
    "excerpt": "Recent amendments to corporate governance norms by SEBI introduce new compliance requirements for listed companies. Explore the key changes and their implications.",
    "content": "<h2>Overview of Recent Reforms</h2><p>The Securities and Exchange Board of India (SEBI) has introduced comprehensive reforms to corporate governance norms, aimed at enhancing transparency, accountability, and investor protection in the Indian capital markets.</p><h2>Key Changes</h2><p>The reforms encompass several critical areas:</p><ul><li><strong>Board Composition:</strong> Enhanced requirements for independent directors and board diversity.</li><li><strong>Audit Committee:</strong> Strengthened audit committee functions and reporting requirements.</li><li><strong>Related Party Transactions:</strong> Stricter approval processes and disclosure norms.</li><li><strong>Executive Compensation:</strong> New guidelines for CEO and senior management compensation disclosure.</li></ul><h2>Implementation Challenges</h2><p>Listed companies face several challenges in implementing these reforms, including resource allocation, system upgrades, and training requirements. Our team provides comprehensive support to navigate these challenges effectively.</p><h2>Best Practices</h2><p>To ensure smooth compliance, companies should adopt a proactive approach, including regular board training, robust internal controls, and continuous monitoring of regulatory developments.</p>",
    "author": "Adv. Rajesh Kumar",
    "authorTitle": "Senior Partner, Corporate Law",
    "date": "March 10, 2024",
    "readTime": "6 min read",
    "category": "Corporate Law",
    "image": "/placeholder.svg?height=400&width=600"
  },
  {
    "slug": "real-estate-rera-compliance-guide",
    "title": "RERA Compliance for Real Estate Developers: Essential Requirements and Best Practices",
    "excerpt": "Navigate the complex landscape of RERA compliance with our comprehensive guide covering registration requirements, ongoing obligations, and penalty avoidance strategies.",
    "content": "<h2>Understanding RERA</h2><p>The Real Estate (Regulation and Development) Act, 2016 (RERA) has transformed the real estate sector by introducing transparency, accountability, and efficiency in real estate transactions.</p><h2>Registration Requirements</h2><p>All real estate projects exceeding 500 square meters or involving more than eight apartments must be registered under RERA. The registration process involves:</p><ul><li>Project details and approvals</li><li>Financial information and escrow account setup</li><li>Timeline commitments and delivery schedules</li><li>Quality specifications and amenities</li></ul><h2>Ongoing Compliance</h2><p>Post-registration, developers must maintain continuous compliance through regular updates, financial reporting, and adherence to committed timelines.</p><h2>Penalty Framework</h2><p>RERA imposes strict penalties for non-compliance, including project deregistration, financial penalties, and potential criminal liability for promoters.</p>",
    "author": "Adv. Meera Patel",
    "authorTitle": "Partner, Real Estate & RERA",
    "date": "March 5, 2024",
    "readTime": "7 min read",
    "category": "Real Estate & RERA",
    "image": "/placeholder.svg?height=400&width=600"
  },
  {
    "slug": "employment-law-updates-2024",
    "title": "Employment Law Updates: New Labor Codes and Their Impact on Businesses",
    "excerpt": "The implementation of new labor codes brings significant changes to employment practices. Understand the key provisions and compliance requirements for employers.",
    "content": "<h2>Introduction to New Labor Codes</h2><p>India's labor law landscape has undergone a major transformation with the introduction of four new labor codes, consolidating 29 existing labor laws into a more streamlined framework.</p><h2>Key Changes</h2><p>The new codes introduce several important changes:</p><ul><li><strong>Wage Code:</strong> Universal minimum wage and revised overtime calculations</li><li><strong>Industrial Relations Code:</strong> New strike and lockout provisions</li><li><strong>Social Security Code:</strong> Extended coverage and new benefit schemes</li><li><strong>Occupational Safety Code:</strong> Enhanced workplace safety requirements</li></ul><h2>Compliance Strategies</h2><p>Employers must review and update their policies, contracts, and procedures to align with the new requirements. This includes revising employment contracts, updating HR policies, and implementing new reporting mechanisms.</p>",
    "author": "Adv. Suresh Gupta",
    "authorTitle": "Senior Associate, Labour & Employment",
    "date": "February 28, 2024",
    "readTime": "5 min read",
    "category": "Labour & Employment",
    "image": "/placeholder.svg?height=400&width=600"
  },
  {
    "slug": "intellectual-property-protection-strategies",
    "title": "Intellectual Property Protection Strategies for Startups and SMEs",
    "excerpt": "Protecting intellectual property is crucial for business success. Learn about trademark, copyright, and patent strategies tailored for growing businesses.",
    "content": "<h2>Importance of IP Protection</h2><p>Intellectual property represents one of the most valuable assets for modern businesses, particularly in the knowledge economy. Startups and SMEs must develop comprehensive IP strategies to protect their innovations and competitive advantages.</p><h2>Types of IP Protection</h2><p>Different types of intellectual property require different protection strategies:</p><ul><li><strong>Trademarks:</strong> Protect brand names, logos, and distinctive signs</li><li><strong>Copyrights:</strong> Protect original creative works and software</li><li><strong>Patents:</strong> Protect inventions and technical innovations</li><li><strong>Trade Secrets:</strong> Protect confidential business information</li></ul><h2>Implementation Strategies</h2><p>Successful IP protection requires a multi-faceted approach including proper documentation, registration procedures, enforcement mechanisms, and ongoing monitoring of potential infringements.</p>",
    "author": "Adv. Anita Singh",
    "authorTitle": "Partner, Intellectual Property Rights",
    "date": "February 20, 2024",
    "readTime": "6 min read",
    "category": "Intellectual Property Rights",
    "image": "/placeholder.svg?height=400&width=600"
  },
  {
    "slug": "banking-finance-regulatory-updates",
    "title": "Banking and Finance Regulatory Updates: RBI Guidelines and Compliance Requirements",
    "excerpt": "Stay updated with the latest RBI guidelines affecting banks, NBFCs, and fintech companies. Understand new compliance requirements and regulatory expectations.",
    "content": "<h2>Recent RBI Guidelines</h2><p>The Reserve Bank of India continues to evolve its regulatory framework to address emerging challenges in the banking and financial services sector.</p><h2>Key Areas of Focus</h2><p>Recent guidelines cover several critical areas:</p><ul><li><strong>Digital Lending:</strong> New norms for digital lending platforms and partnerships</li><li><strong>Cybersecurity:</strong> Enhanced cybersecurity requirements for financial institutions</li><li><strong>Risk Management:</strong> Updated risk management frameworks and stress testing</li><li><strong>Customer Protection:</strong> Strengthened customer grievance redressal mechanisms</li></ul><h2>Compliance Implications</h2><p>Financial institutions must review their existing processes and implement necessary changes to ensure compliance with new guidelines. This includes updating policies, enhancing systems, and training staff on new requirements.</p>",
    "author": "Adv. Vikram Joshi",
    "authorTitle": "Senior Partner, Banking & Finance",
    "date": "February 15, 2024",
    "readTime": "7 min read",
    "category": "Banking & Finance",
    "image": "/placeholder.svg?height=400&width=600"
  }
]
