[
  {
    "id": 1,
    "name": "Advocate Rajesh Kumar",
    "designation": "Founding Partner",
    "city": "Jaipur",
    "specialization": ["Corporate Law", "Litigation", "Mergers & Acquisitions"],
    "pqe": 8,
    "contact": "rajesh@lawup.in",
    "image": "/placeholder.svg?height=300&width=300"
  },
  {
    "id": 2,
    "name": "Advocate Priya Sharma",
    "designation": "Partner",
    "city": "Jaipur",
    "specialization": ["Banking & Finance", "Real Estate", "RERA"],
    "pqe": 6,
    "contact": "priya@lawup.in",
    "image": "/placeholder.svg?height=300&width=300"
  },
  {
    "id": 3,
    "name": "Advocate Amit Gupta",
    "designation": "Senior Associate",
    "city": "Delhi",
    "specialization": ["IPR", "Technology Law", "Cyber Law"],
    "pqe": 5,
    "contact": "amit@lawup.in",
    "image": "/placeholder.svg?height=300&width=300"
  },
  {
    "id": 4,
    "name": "Advocate Neha Agarwal",
    "designation": "Associate",
    "city": "Mumbai",
    "specialization": ["Labour Law", "Employment", "Industrial Relations"],
    "pqe": 4,
    "contact": "neha@lawup.in",
    "image": "/placeholder.svg?height=300&width=300"
  },
  {
    "id": 5,
    "name": "Advocate Vikram Singh",
    "designation": "Senior Associate",
    "city": "Jaipur",
    "specialization": ["Taxation", "GST", "Transfer Pricing"],
    "pqe": 7,
    "contact": "vikram@lawup.in",
    "image": "/placeholder.svg?height=300&width=300"
  },
  {
    "id": 6,
    "name": "Advocate Kavya Reddy",
    "designation": "Associate",
    "city": "Bangalore",
    "specialization": ["Corporate Law", "Compliance", "Governance"],
    "pqe": 3,
    "contact": "kavya@lawup.in",
    "image": "/placeholder.svg?height=300&width=300"
  },
  {
    "id": 7,
    "name": "Advocate Rohit Mehta",
    "designation": "Senior Associate",
    "city": "Delhi",
    "specialization": ["Real Estate", "Construction Law", "RERA"],
    "pqe": 6,
    "contact": "rohit@lawup.in",
    "image": "/placeholder.svg?height=300&width=300"
  },
  {
    "id": 8,
    "name": "Advocate Anita Joshi",
    "designation": "Associate",
    "city": "Mumbai",
    "specialization": ["Insurance Law", "Claims Management", "Regulatory"],
    "pqe": 4,
    "contact": "anita@lawup.in",
    "image": "/placeholder.svg?height=300&width=300"
  }
]
